{
    "0": {
        "isTerminatingState": false,
        "A": [
            1
        ]
    },
    "1": {
        "isTerminatingState": false,
        "eps": [
            2
        ]
    },
    "2": {
        "isTerminatingState": false,
        "B": [
            3
        ]
    },
    "3": {
        "isTerminatingState": false,
        "eps": [
            7
        ]
    },
    "4": {
        "isTerminatingState": false,
        "[A-Z]": [
            5
        ]
    },
    "5": {
        "isTerminatingState": false,
        "eps": [
            7
        ]
    },
    "6": {
        "eps": [
            0,
            4
        ],
        "isTerminatingState": false
    },
    "7": {
        "isTerminatingState": false,
        "eps": [
            9,
            6
        ]
    },
    "8": {
        "eps": [
            6
        ],
        "isTerminatingState": false
    },
    "9": {
        "isTerminatingState": false,
        "eps": [
            12
        ]
    },
    "10": {
        "isTerminatingState": false,
        "[A-Z]": [
            11
        ],
        "eps": [
            13
        ]
    },
    "11": {
        "isTerminatingState": false,
        "eps": [
            10,
            13
        ]
    },
    "12": {
        "eps": [
            10
        ],
        "isTerminatingState": false
    },
    "13": {
        "isTerminatingState": true
    },
    "startingState": 8
}